Toxic Release Inventory Chemicals
"Chemical Name","CAS Registry Number (or EDF Substance ID)"
"ABAMECTIN","71751-41-2"
"ACEPHATE","30560-19-1"
"ACETALDEHYDE","75-07-0"
"ACETAMIDE","60-35-5"
"ACETONITRILE","75-05-8"
"ACETOPHENONE","98-86-2"
"2-ACETYLAMINOFLUORENE","53-96-3"
"ACIFLUORFEN, SODIUM SALT","62476-59-9"
"ACROLEIN","107-02-8"
"ACRYLAMIDE","79-06-1"
"ACRYLIC ACID","79-10-7"
"ACRYLONITRILE","107-13-1"
"ALACHLOR","15972-60-8"
"ALDICARB","116-06-3"
"ALDRIN","309-00-2"
"ALLYL ALCOHOL","107-18-6"
"ALLYL AMINE","107-11-9"
"ALLYL CHLORIDE","107-05-1"
"ALPHA-LINDANE","319-84-6"
"ALPHA-NAPHTHYLAMINE","134-32-7"
"ALUMINUM","7429-90-5"
"ALUMINUM OXIDE (FIBROUS FORMS)","1344-28-1"
"ALUMINUM PHOSPHIDE","20859-73-8"
"AMETRYN","834-12-8"
"1-AMINO-2-METHYLANTHRAQUINONE","82-28-0"
"2-AMINOANTHRAQUINONE","117-79-3"
"4-AMINOAZOBENZENE","60-09-3"
"4-AMINOBIPHENYL","92-67-1"
"2-AMINONAPHTHALENE","91-59-8"
"AMITRAZ","33089-61-1"
"AMITROLE","61-82-5"
"AMMONIA","7664-41-7"
"ANILAZINE","101-05-3"
"ANILINE","62-53-3"
"ANTHRACENE","120-12-7"
"ANTIMONY","7440-36-0"
"ANTIMONY COMPOUNDS","ADQ500"
"ARSENIC","7440-38-2"
"ARSENIC (ORGANIC OR INORGANIC COMPOUNDS)","ARF750"
"ASBESTOS (FRIABLE)","1332-21-4"
"ATRAZINE","1912-24-9"
"AURAMINE","492-80-8"
"BARIUM","7440-39-3"
"BARIUM COMPOUNDS","BAK500"
"BENDIOCARB","22781-23-3"
"BENFLURALIN","1861-40-1"
"BENOMYL","17804-35-2"
"BENZ(A)ANTHRACENE","56-55-3"
"BENZAL CHLORIDE","98-87-3"
"BENZAMIDE","55-21-0"
"BENZENE","71-43-2"
"BENZENE-1,3-DIISOCYANATE","123-61-5"
"BENZIDINE","92-87-5"
"BENZO(A)PYRENE","50-32-8"
"BENZO(B)FLUORANTHENE","205-99-2"
"BENZO(GHI)PERYLENE","191-24-2"
"BENZO(K)FLUORANTHENE","207-08-9"
"BENZOIC TRICHLORIDE","98-07-7"
"BENZOYL CHLORIDE","98-88-4"
"BENZOYL PEROXIDE","94-36-0"
"BENZO[J]FLUORANTHENE","205-82-3"
"BENZYL CHLORIDE","100-44-7"
"BERYLLIUM","7440-41-7"
"BERYLLIUM COMPOUNDS","BFQ500"
"BETA-PROPIOLACTONE","57-57-8"
"1,1'-BI(ETHYLENE OXIDE)","1464-53-5"
"BIFENTHRIN","82657-04-3"
"BIPHENYL","92-52-4"
"(1,1'-BIPHENYL)-4,4'-DIAMINE, 3,3'-DIMETHYL-","119-93-7"
"(1,1'-BIPHENYL)-4,4'-DIAMINE, 3,3'-DIMETHYL-, DIHYDROCHLORIDE (9CI)","612-82-8"
"1,1'-BIPHENYL, 4,4'-DIISOCYANATO-3,3'-DIMETHOXY-","91-93-0"
"1,1'-BIPHENYL, 4,4'-DIISOCYANATO-3,3'-DIMETHYL- (9CI)","91-97-4"
"BIS(2-CHLORO-1-METHYLETHYL) ETHER","108-60-1"
"BIS(2-CHLOROETHOXY)METHANE","111-91-1"
"BIS(2-CHLOROETHYL) ETHER","111-44-4"
"BIS(2-ETHYLHEXYL)PHTHALATE","117-81-7"
"BIS(CHLOROMETHYL) ETHER","542-88-1"
"1,4-BIS(METHYLISOCYANATE)CYCLOHEXANE","10347-54-3"
"1,3-BIS(METHYLISOCYANATE)CYCLOHEXANE","38661-72-2"
"BIS(TRIBUTYLTIN) OXIDE","56-35-9"
"BORON TRICHLORIDE","10294-34-5"
"BORON TRIFLUORIDE","7637-07-2"
"BROMACIL","314-40-9"
"BROMACIL LITHIUM SALT (2,4(H,3H)-PYRIMIDINEDIONE, ETHYL-3 (1-METHYLPROPYL), LITHIUM SALT)","53404-19-6"
"BROMINE","7726-95-6"
"1-BROMO-1-(BROMOMETHYL)-1,3-PROPANEDICARBONITRILE","35691-65-7"
"BROMOCHLORODIFLUOROMETHANE","353-59-3"
"BROMOTRIFLUOROMETHANE","75-63-8"
"BROMOXYNIL","1689-84-5"
"BROMOXYNIL OCTANOATE","1689-99-2"
"BRUCINE","357-57-3"
"1,3-BUTADIENE","106-99-0"
"BUTYL ACRYLATE","141-32-2"
"1,2-BUTYLENE OXIDE","106-88-7"
"BUTYRALDEHYDE","123-72-8"
"C.I. ACID GREEN 3","4680-78-8"
"C.I. ACID RED 114","6459-94-5"
"C.I. BASIC GREEN 4","569-64-2"
"C.I. BASIC RED 1","989-38-8"
"C.I. DIRECT BLUE 218","28407-37-6"
"C.I. DIRECT BROWN 95","16071-86-6"
"C.I. DISPERSE YELLOW 3","2832-40-8"
"C.I. FOOD RED 15","81-88-9"
"C.I. FOOD RED 5","3761-53-3"
"C.I. SOLVENT ORANGE 7","3118-97-6"
"C.I. SOLVENT YELLOW 14","842-07-9"
"C.I. SOLVENT YELLOW 3","97-56-3"
"C.I. VAT YELLOW 4","128-66-5"
"CADMIUM","7440-43-9"
"CADMIUM COMPOUNDS","CAE750"
"CALCIUM CYANAMIDE","156-62-7"
"CAMPHECHLOR","8001-35-2"
"CAPTAN","133-06-2"
"CARBARYL","63-25-2"
"CARBOFURAN","1563-66-2"
"CARBON DISULFIDE","75-15-0"
"CARBON TETRACHLORIDE","56-23-5"
"CARBONYL SULFIDE","463-58-1"
"CARBOXIN","5234-68-4"
"CATECHOL","120-80-9"
"CHINOMETHIONAT (6-METHYL-1,3-DITHIOLO[4,5-B]QUINOX","2439-01-2"
"2-CHLOR-1,3-BUTADIENE","126-99-8"
"CHLORAMBEN","133-90-4"
"CHLORDANE","57-74-9"
"CHLORENDIC ACID","115-28-6"
"CHLORIMURON ETHYL","90982-32-4"
"CHLORINE","7782-50-5"
"CHLORINE DIOXIDE","10049-04-4"
"2-CHLORO-1,1,1,2-TETRAFLUOROETHANE","2837-89-0"
"2-CHLORO-1,1,1-TRIFLUOROETHANE","75-88-7"
"3-CHLORO-1,1,1-TRIFLUOROPROPANE","460-35-5"
"1-CHLORO-1,1,2,2-TETRAFLUOROETHANE","354-25-6"
"1-CHLORO-1,1-DIFLUOROETHANE","75-68-3"
"3-CHLORO-2-METHYL-1-PROPENE","563-47-3"
"CHLOROACETIC ACID","79-11-8"
"2-CHLOROACETOPHENONE","532-27-4"
"1-(3-CHLOROALLYL)-3,5,7-TRIAZA-1-AZONIAADAMANTANE CHLORIDE","4080-31-3"
"CHLOROBENZENE","108-90-7"
"CHLOROBENZILATE","510-15-6"
"CHLORODIFLUOROMETHANE","75-45-6"
"CHLOROETHANE","75-00-3"
"CHLOROFORM","67-66-3"
"CHLOROMETHANE","74-87-3"
"CHLOROMETHYL METHYL ETHER","107-30-2"
"CHLOROPHENOLS","25167-80-0"
"CHLOROPICRIN","76-06-2"
"3-CHLOROPROPIONITRILE","542-76-7"
"CHLOROTETRAFLUOROETHANE","63938-10-3"
"CHLOROTHALONIL","1897-45-6"
"CHLOROTRIFLUOROMETHANE","75-72-9"
"CHLORPYRIFOS METHYL","5598-13-0"
"CHLORSULFURON","64902-72-3"
"CHROMIUM","7440-47-3"
"CHROMIUM COMPOUNDS","CMJ500"
"CHRYSENE","218-01-9"
"COBALT","7440-48-4"
"COBALT COMPOUNDS","CNB850"
"COPPER","7440-50-8"
"COPPER COMPOUNDS","CNK750"
"CREOSOTES","8001-58-9"
"CRESOL (MIXED ISOMERS)","1319-77-3"
"CROTONALDEHYDE","4170-30-3"
"CUMENE","98-82-8"
"CUMENE HYDROPEROXIDE","80-15-9"
"CUPFERRON","135-20-6"
"CYANAZINE","21725-46-2"
"CYANIDE COMPOUNDS","1073"
"CYCLOATE","1134-23-2"
"CYCLOHEXANE","110-82-7"
"1,4-CYCLOHEXANE DIISOCYANATE","2556-36-7"
"CYCLOHEXANOL","108-93-0"
"CYFLUTHRIN","68359-37-5"
"CYHALOTHRIN","68085-85-8"
"2,4-D","94-75-7"
"2,4-D 2-ETHYL-4-METHYLPENTYL ESTER","53404-37-8"
"2,4-D 2-ETHYLHEXYL ESTER","1928-43-4"
"2,4-D BUTOXYETHYL ESTER","1929-73-3"
"2,4-D BUTYL ESTER","94-80-4"
"2,4-D CHLOROCROTYL ESTER","2971-38-2"
"2,4-D PROPYLENE GLYCOL BUTYL ETHER ESTER","1320-18-9"
"2,4-D SODIUM SALT","2702-72-9"
"2,4-D, ISOPROPYL ESTER","94-11-1"
"D-TRANS-ALLETHRIN","28057-48-9"
"DAZOMET","533-74-4"
"DAZOMET, SODIUM SALT","53404-60-7"
"2,4-DB","94-82-6"
"DECABROMODIPHENYL OXIDE","1163-19-5"
"DESMEDIPHAM","13684-56-5"
"DI-N-PROPYLNITROSAMINE","621-64-7"
"DIALLATE","2303-16-4"
"2,4-DIAMINOANISOLE","615-05-4"
"2,4-DIAMINOANISOLE SULFATE","39156-41-7"
"4,4'-DIAMINODIPHENYL ETHER","101-80-4"
"4,4'-DIAMINODIPHENYL SULFIDE","139-65-1"
"2,4-DIAMINOTOLUENE","95-80-7"
"DIAMINOTOLUENE (MIXED ISOMERS)","25376-45-8"
"DIAZINON","333-41-5"
"DIAZOMETHANE","334-88-3"
"DIBENZ(A,H)ANTHRACENE","53-70-3"
"DIBENZOFURAN","132-64-9"
"DIBENZO[A,E]FLUORANTHENE","5385-75-1"
"DIBENZO[A,E]PYRENE","192-65-4"
"DIBENZO[A,H]PYRENE","189-64-0"
"DIBENZO[A,I]PYRENE","189-55-9"
"DIBENZO[A,L]PYRENE","191-30-0"
"DIBENZ[A,H]ACRIDINE","226-36-8"
"DIBENZ[A,J]ACRIDINE","224-42-0"
"1,2-DIBROMO-3-CHLOROPROPANE (DBCP)","96-12-8"
"2,2-DIBROMO-3-NITRILOPROPIONAMIDE","10222-01-2"
"1,2-DIBROMOETHANE","106-93-4"
"DIBROMOTETRAFLUOROETHANE [HALON 2402]","124-73-2"
"DIBUTYL PHTHALATE","84-74-2"
"DICAMBA","1918-00-9"
"DICHLORAN","99-30-9"
"3,3-DICHLORO-1,1,1,2,2-PENTAFLUOROPROPANE","422-56-0"
"2,3-DICHLORO-1,1,1,2,3-PENTAFLUOROPROPANE(HCFC-225BA)","422-48-0"
"2,2-DICHLORO-1,1,1,3,3-PENTAFLUOROPROPANE(HCFC-225AA)","128903-21-9"
"1,3-DICHLORO-1,1,2,2,3-PENTAFLUOROPROPANE","507-55-1"
"1,2-DICHLORO-1,1,2,3,3-PENTAFLUOROPROPANE(HCFC-225BB)","422-44-6"
"1,3-DICHLORO-1,1,2,3,3-PENTAFLUOROPROPANE(HCFC-225EA)","136013-79-1"
"DICHLORO-1,1,2-TRIFLUOROETHANE","90454-18-5"
"1,2-DICHLORO-1,1,2-TRIFLUOROETHANE","354-23-4"
"1,2-DICHLORO-1,1,3,3,3-PENTAFLUOROPROPANE(HCFC-225DA)","431-86-7"
"1,2-DICHLORO-1,1-DIFLUOROETHANE","1649-08-7"
"1,1-DICHLORO-1,2,2,3,3-PENTAFLUOROPROPANE(HCFC-225CC)","13474-88-9"
"1,1-DICHLORO-1,2,2-TRIFLUOROETHANE","812-04-4"
"1,1-DICHLORO-1,2,3,3,3-PENTAFLUOROPROPANE(HCFC-225EB)","111512-56-2"
"1,1-DICHLORO-1-FLUOROETHANE","1717-00-6"
"1,4-DICHLORO-2-BUTENE","764-41-0"
"1,3-DICHLOROBENZENE","541-73-1"
"1,2-DICHLOROBENZENE","95-50-1"
"1,4-DICHLOROBENZENE","106-46-7"
"DICHLOROBENZENE (MIXED ISOMERS)","25321-22-6"
"3,3'-DICHLOROBENZIDINE","91-94-1"
"3,3'-DICHLOROBENZIDINE DIHYDROCHLORIDE","612-83-9"
"3,3'-DICHLOROBENZIDINE SULFATE","64969-34-2"
"DICHLOROBROMOMETHANE","75-27-4"
"DICHLORODIFLUOROMETHANE","75-71-8"
"1,1-DICHLOROETHANE","75-34-3"
"1,2-DICHLOROETHANE","107-06-2"
"1,2-DICHLOROETHYLENE","540-59-0"
"1,1-DICHLOROETHYLENE","75-35-4"
"DICHLOROFLUOROMETHANE","75-43-4"
"DICHLOROMETHANE","75-09-2"
"DICHLOROPHENE","97-23-4"
"2,4-DICHLOROPHENOL","120-83-2"
"1,2-DICHLOROPROPANE","78-87-5"
"2,3-DICHLOROPROPENE","78-88-6"
"1,3-DICHLOROPROPENE (MIXED ISOMERS)","542-75-6"
"DICHLOROTETRAFLUOROETHANE (CFC-114)","76-14-2"
"DICHLOROTRIFLUOROETHANE","34077-87-7"
"DICHLORPENTAFLUORO-PROPANE","127564-92-5"
"DICHLORVOS","62-73-7"
"DICLOFOP METHYL","51338-27-3"
"DICOFOL","115-32-2"
"DICYCLOPENTADIENE","77-73-6"
"DIETHANOLAMINE","111-42-2"
"DIETHATYL ETHYL","38727-55-8"
"DIETHYL SULFATE","64-67-5"
"DIETHYLDIISOCYANATOBENZENE","134190-37-7"
"DIFLUBENZURON","35367-38-5"
"DIGLYCIDYL RESORCINOL ETHER (DGRE)","101-90-6"
"DIHYDROSAFROLE","94-58-6"
"DIISOCYANATES","EDF-067"
"2,4'-DIISOCYANATODIPHENYL SULFIDE","75790-87-3"
"DIMETHIPIN","55290-64-7"
"DIMETHOATE","60-51-5"
"3,3'-DIMETHOXYBENZIDINE","119-90-4"
"3,3'-DIMETHOXYBENZIDINE DIHYDROCHLORIDE","20325-40-0"
"3,3'-DIMETHOXYBENZIDINE HYDROCHLORIDE(O-DIANISIDINE HYDROCHLORIDE)","111984-09-9"
"DIMETHYL CHLOROTHIOPHOSPHATE","2524-03-0"
"1,1-DIMETHYL HYDRAZINE","57-14-7"
"DIMETHYL PHTHALATE","131-11-3"
"DIMETHYL SULFATE","77-78-1"
"DIMETHYLAMINE","124-40-3"
"DIMETHYLAMINE DICAMBA","2300-66-5"
"4-DIMETHYLAMINOAZOBENZENE","60-11-7"
"7,12-DIMETHYLBENZ(A)ANTHRACENE","57-97-6"
"3,3'-DIMETHYLBENZIDINE DIHYDROFLUORIDE","41766-75-0"
"DIMETHYLCARBAMOYL CHLORIDE","79-44-7"
"2,4-DIMETHYLPHENOL","105-67-9"
"4,6-DINITRO-O-CRESOL","534-52-1"
"DINITROBUTYL PHENOL","88-85-7"
"2,4-DINITROPHENOL","51-28-5"
"2,6-DINITROTOLUENE","606-20-2"
"2,4-DINITROTOLUENE","121-14-2"
"DINITROTOLUENE (MIXED ISOMERS)","25321-14-6"
"DINOCAP","39300-45-3"
"1,4-DIOXANE","123-91-1"
"DIOXIN AND DIOXIN-LIKE COMPOUNDS","EDF-018"
"DIPHENAMID","957-51-7"
"DIPHENYLAMINE","122-39-4"
"1,2-DIPHENYLHYDRAZINE","122-66-7"
"DIPOTASSIUM ENDOTHALL","2164-07-0"
"DIPROPYL ISOCINCHOMERONATE","136-45-8"
"DIRECT BLACK 38","1937-37-7"
"DIRECT BLUE 6","2602-46-2"
"DISODIUM CYANODITHIOIMIDOCARBONATE","138-93-2"
"DITHIOBIURET","541-53-7"
"DIURON","330-54-1"
"DODINE","2439-10-3"
"2,4-DP","120-36-5"
"EPICHLOROHYDRIN","106-89-8"
"ETHOPROP","13194-48-4"
"ETHYL ACRYLATE","140-88-5"
"ETHYL CHLOROFORMATE","541-41-3"
"ETHYL DIPROPYLTHIOCARBAMATE","759-94-4"
"ETHYLBENZENE","100-41-4"
"ETHYLENE","74-85-1"
"ETHYLENE GLYCOL","107-21-1"
"ETHYLENE GLYCOL MONOETHYL ETHER","110-80-5"
"ETHYLENE GLYCOL MONOMETHYL ETHER","109-86-4"
"ETHYLENE OXIDE","75-21-8"
"ETHYLENE THIOUREA","96-45-7"
"ETHYLENEBISDITHIOCARBAMIC ACID, SALTS AND ESTERS","111-54-6"
"ETHYLENEIMINE","151-56-4"
"FAMPHUR","52-85-7"
"FENARIMOL","60168-88-9"
"FENBUTATIN OXIDE","13356-08-6"
"FENOXAPROP ETHYL(2-(4-((6-CHLORO-2-BENZOXAZOLYEN)OXY)PENOXY)PROPANIC ACID,ETHYL ESTER)","66441-23-4"
"FENOXYCARB","72490-01-8"
"FENPROPATHRIN","39515-41-8"
"FENTHION","55-38-9"
"FENVALERATE","51630-58-1"
"FERBAM","14484-64-1"
"FLUAZIFOP-BUTYL","69806-50-4"
"FLUOMETURON","2164-17-2"
"FLUORANTHENE","206-44-0"
"FLUORINE","7782-41-4"
"FLUOROACETIC ACID, SODIUM SALT","62-74-8"
"FLUOROURACIL","51-21-8"
"FLUVALINATE","69409-94-5"
"FOLPET","133-07-3"
"FOMESAFEN","72178-02-0"
"FORMALDEHYDE","50-00-0"
"FORMIC ACID","64-18-6"
"FREON 113","76-13-1"
"GAMMA-LINDANE","58-89-9"
"GLYCOL ETHERS","EDF-109"
"7H-DIBENZO[C,G]CARBAZOLE","194-59-2"
"HEPTACHLOR","76-44-8"
"1,2,3,4,6,7,8-HEPTACHLORODIBENZO-P-DIOXIN","35822-46-9"
"1,2,3,4,7,8,9-HEPTACHLORODIBENZOFURAN","55673-89-7"
"1,2,3,4,6,7,8-HEPTACHLORODIBENZOFURAN","67562-39-4"
"HEXACHLORINATED DIBENZOFURAN, 1,2,3,4,7,8-","70648-26-9"
"HEXACHLORINATED DIBENZOFURAN, 1,2,3,7,8,9-","72918-21-9"
"HEXACHLORINATED DIBENZOFURAN, 2,3,4,6,7,8-","60851-34-5"
"HEXACHLORO-1,3-BUTADIENE","87-68-3"
"HEXACHLOROBENZENE","118-74-1"
"HEXACHLOROCYCLOPENTADIENE","77-47-4"
"1,2,3,7,8,9-HEXACHLORODIBENZO-P-DIOXIN","19408-74-3"
"1,2,3,4,7,8-HEXACHLORODIBENZO-P-DIOXIN","39227-28-6"
"1,2,3,6,7,8-HEXACHLORODIBENZO-P-DIOXIN","57653-85-7"
"1,2,3,6,7,8-HEXACHLORODIBENZOFURAN","57117-44-9"
"HEXACHLOROETHANE","67-72-1"
"HEXACHLORONAPHTHALENE","1335-87-1"
"HEXACHLOROPHENE (HCP)","70-30-4"
"HEXAMETHYLENE-1,6-DIISOCYANATE","822-06-0"
"HEXAMETHYLPHOSPHORAMIDE","680-31-9"
"HEXAZINONE","51235-04-2"
"HYDRAMETHYLNON","67485-29-4"
"HYDRAZINE","302-01-2"
"HYDRAZINE SULFATE","10034-93-2"
"HYDROCHLORIC ACID","7647-01-0"
"HYDROFLUORIC ACID","7664-39-3"
"HYDROGEN CYANIDE","74-90-8"
"HYDROGEN SULFIDE","7783-06-4"
"HYDROQUINONE","123-31-9"
"IMAZALIL","35554-44-0"
"INDENO(1,2,3-CD)PYRENE","193-39-5"
"3-IODO-2-PROPYNYL BUTYLCARBAMATE","55406-53-6"
"IRON PENTACARBONYL","13463-40-6"
"ISOBUTYRALDEHYDE","78-84-2"
"ISODRIN","465-73-6"
"ISOFENPHOS","25311-71-1"
"ISOPHORONE DIISOCYANATE","4098-71-9"
"ISOPROPYL ALCOHOL","67-63-0"
"4,4'-ISOPROPYLIDENEDIPHENOL","80-05-7"
"ISOSAFROLE","120-58-1"
"LACTOFEN","77501-63-4"
"LEAD","7439-92-1"
"LEAD COMPOUNDS","LCT000"
"LINURON","330-55-2"
"LITHIUM CARBONATE","554-13-2"
"M-CRESOL","108-39-4"
"M-DINITROBENZENE","99-65-0"
"M-PHENYLENEDIAMINE","108-45-2"
"M-XYLENE","108-38-3"
"MALATHION","121-75-5"
"MALEIC ANHYDRIDE","108-31-6"
"MALONONITRILE","109-77-3"
"MANEB","12427-38-2"
"MANGANESE","7439-96-5"
"MANGANESE COMPOUNDS","MAR500"
"MECHLORETHAMINE","51-75-2"
"MECOPROP","93-65-2"
"2-MERCAPTOBENZOTHIAZOLE","149-30-4"
"MERCAPTODIMETHUR","2032-65-7"
"MERCURY","7439-97-6"
"MERCURY COMPOUNDS","EDF-033"
"MERPHOS","150-50-5"
"METHACRYLONITRILE","126-98-7"
"METHAM SODIUM","137-42-8"
"METHANAMINE, N-METHYL-N-NITROSO","62-75-9"
"METHANETHIOL","74-93-1"
"METHANOL","67-56-1"
"METHAZOLE","20354-26-1"
"METHOXONE","94-74-6"
"METHOXONE SODIUM SALT ((4-CHLORO-2-METHYLPGENOXY) ACETATE SODIUM SALT)","3653-48-3"
"METHOXYCHLOR","72-43-5"
"METHYL ACRYLATE","96-33-3"
"METHYL BROMIDE","74-83-9"
"METHYL CHLOROCARBONATE","79-22-1"
"METHYL ETHYL KETONE","78-93-3"
"METHYL HYDRAZINE","60-34-4"
"METHYL IODIDE","74-88-4"
"METHYL ISOBUTYL KETONE","108-10-1"
"METHYL ISOCYANATE","624-83-9"
"METHYL ISOTHIOCYANATE","556-61-6"
"METHYL METHACRYLATE","80-62-6"
"METHYL PARATHION","298-00-0"
"METHYL TERT-BUTYL ETHER","1634-04-4"
"3-METHYLCHLORANTHRENE","56-49-5"
"5-METHYLCHRYSENE","3697-24-3"
"4-METHYLDIPHENYLMETHANE-3,4-DIISOCYANATE","75790-84-0"
"METHYLENE BROMIDE","74-95-3"
"4,4'-METHYLENEBIS(2-CHLOROANILINE)","101-14-4"
"1,1'-METHYLENEBIS(4-ISOCYANATO-3-METHYLBENZENE)","139-25-3"
"1,1'-METHYLENEBIS(4-ISOCYANATOBENZENE)","101-68-8"
"1,1'-METHYLENEBIS(4-ISOCYANATOCYCLOHEXANE)","5124-30-1"
"4,4'-METHYLENEBIS(N,N-DIMETHYL)BENZENAMINE","101-61-1"
"4,4'-METHYLENEDIANILINE","101-77-9"
"2-METHYLLACTONITRILE","75-86-5"
"2-METHYLPYRIDINE","109-06-8"
"METIRAM","9006-42-2"
"METRIBUZIN","21087-64-9"
"MEVINPHOS","7786-34-7"
"MICHLER'S KETONE","90-94-8"
"MOLINATE","2212-67-1"
"MOLYBDENUM TRIOXIDE","1313-27-5"
"MONOCHLOROPENTAFLUOROETHANE","76-15-3"
"MONURON","150-68-5"
"MUSTARD GAS","505-60-2"
"MYCLOBUTANIL","88671-89-0"
"N,N-DIMETHYLANILINE","121-69-7"
"N,N-DIMETHYLFORMAMIDE","68-12-2"
"N-BUTYL ALCOHOL","71-36-3"
"N-ETHYL-N-NITROSOUREA","759-73-9"
"N-HEXANE","110-54-3"
"N-METHYL-2-PYRROLIDONE","872-50-4"
"N-METHYLOLACRYLAMIDE","924-42-5"
"N-NITROSO-N-METHYLUREA","684-93-5"
"N-NITROSODI-N-BUTYLAMINE","924-16-3"
"N-NITROSODIETHYLAMINE","55-18-5"
"N-NITROSODIPHENYLAMINE","86-30-6"
"N-NITROSOMETHYLVINYLAMINE","4549-40-0"
"N-NITROSOMORPHOLINE","59-89-2"
"N-NITROSONORNICOTINE","16543-55-8"
"N-NITROSOPIPERIDINE","100-75-4"
"NABAM","142-59-6"
"NALED","300-76-5"
"NAPHTHALENE","91-20-3"
"1,5-NAPHTHALENE DIISOCYANATE","3173-72-6"
"NICKEL","7440-02-0"
"NICKEL COMPOUNDS","NDB000"
"NICOTINE AND SALTS","54-11-5"
"NITRAPYRIN","1929-82-4"
"NITRATE COMPOUNDS","EDF-038"
"NITRIC ACID","7697-37-2"
"NITRILOTRIACETIC ACID","139-13-9"
"5-NITRO-O-ANISIDINE","99-59-2"
"5-NITRO-O-TOLUIDINE","99-55-8"
"NITROBENZENE","98-95-3"
"4-NITROBIPHENYL","92-93-3"
"NITROFEN","1836-75-5"
"NITROGLYCERIN","55-63-0"
"2-NITROPHENOL","88-75-5"
"4-NITROPHENOL","100-02-7"
"2-NITROPROPANE","79-46-9"
"1-NITROPYRENE","5522-43-0"
"NORFLURAZON","27314-13-2"
"O-ANISIDINE","90-04-0"
"O-ANISIDINE HYDROCHLORIDE","134-29-2"
"O-CRESOL","95-48-7"
"O-DINITROBENZENE","528-29-0"
"O-PHENYLENEDIAMINE","95-54-5"
"O-PHENYLPHENATE, SODIUM","132-27-4"
"O-TOLUIDINE","95-53-4"
"O-TOLUIDINE HYDROCHLORIDE","636-21-5"
"O-XYLENE","95-47-6"
"OCTACHLORODIBENZO-P-DIOXIN","3268-87-9"
"1,2,3,4,6,7,8,9-OCTACHLORODIBENZOFURAN","39001-02-0"
"OCTACHLORONAPHTHALENE","2234-13-1"
"OCTACHLOROSTYRENE","EDF-151"
"ORYZALIN","19044-88-3"
"OSMIUM OXIDE OSO4 (T-4)","20816-12-0"
"1,1'-OXYBIS(4-ISOCYANATOBENZENE)","4128-73-8"
"OXYDEMETON METHYL","301-12-2"
"OXYDIAZON","19666-30-9"
"OXYFLUORFEN","42874-03-3"
"OZONE","10028-15-6"
"P-ANISIDINE","104-94-9"
"P-CHLORO-O-TOLUIDINE","95-69-2"
"P-CHLOROANILINE","106-47-8"
"P-CHLOROPHENYL ISOCYANATE","104-12-1"
"P-CRESIDINE","120-71-8"
"P-CRESOL","106-44-5"
"P-DINITROBENZENE","100-25-4"
"P-NITROANILINE","100-01-6"
"P-NITROSODIPHENYLAMINE","156-10-5"
"P-PHENYLENEDIAMINE","106-50-3"
"P-XYLENE","106-42-3"
"PARALDEHYDE","123-63-7"
"PARAQUAT","1910-42-5"
"PARATHION","56-38-2"
"PEBULATE","1114-71-2"
"PENDIMETHALIN","40487-42-1"
"PENTACHLOROBENZENE","608-93-5"
"1,2,3,7,8-PENTACHLORODIBENZO-P-DIOXIN","40321-76-4"
"1,2,3,7,8-PENTACHLORODIBENZOFURAN","57117-41-6"
"2,3,4,7,8-PENTACHLORODIBENZOFURAN","57117-31-4"
"PENTACHLOROETHANE","76-01-7"
"PENTACHLOROPHENOL","87-86-5"
"PENTOBARBITAL SODIUM","57-33-0"
"PERACETIC ACID","79-21-0"
"PERCHLOROMETHYL MERCAPTAN","594-42-3"
"PERMETHRIN","52645-53-1"
"PHENANTHRENE","85-01-8"
"PHENOL","108-95-2"
"PHENOTHRIN","26002-80-2"
"1,4-PHENYLENE DIISOCYANATE","104-49-4"
"1,2-PHENYLENEDIAMINE DIHYDROCHLORIDE","615-28-1"
"1,4-PHENYLENEDIAMINE DIHYDRPCHLORIDE","624-18-0"
"2-PHENYLPHENOL","90-43-7"
"PHENYTOIN","57-41-0"
"PHOSGENE","75-44-5"
"PHOSPHINE","7803-51-2"
"PHOSPHORUS (YELLOW OR WHITE)","7723-14-0"
"PHTHALIC ANHYDRIDE","85-44-9"
"PICLORAM","1918-02-1"
"PIPERONYL BUTOXIDE","51-03-6"
"PIRIMIPHOS METHYL","29232-93-7"
"POLYBROMINATED BIPHENYLS","PJL335"
"POLYCHLORINATED ALKANES (C10-C13)","EDF-045"
"POLYCHLORINATED BIPHENYLS","1336-36-3"
"POLYCYCLIC AROMATIC COMPOUNDS","65996-93-2"
"POLYMERIC MDI","9016-87-9"
"POTASSIUM BROMATE","7758-01-2"
"POTASSIUM DIMETHYLDITHIOCARBAMATE","128-03-0"
"POTASSIUM N-METHYLDITHIOCARBAMATE","137-41-7"
"PROFENOFOS","41198-08-7"
"PROMETRYN","7287-19-6"
"PRONAMIDE","23950-58-5"
"PROPACHLOR","1918-16-7"
"PROPANE SULTONE","1120-71-4"
"PROPANIL","709-98-8"
"PROPARGITE","2312-35-8"
"PROPARGYL ALCOHOL","107-19-7"
"PROPETAMPHOS","31218-83-4"
"PROPICONAZOLE","60207-90-1"
"PROPIONALDEHYDE","123-38-6"
"PROPOXUR","114-26-1"
"PROPYLENE","115-07-1"
"PROPYLENE OXIDE","75-56-9"
"PROPYLENEIMINE","75-55-8"
"PYRIDINE","110-86-1"
"QUINOLINE","91-22-5"
"QUINONE","106-51-4"
"QUINTOZENE","82-68-8"
"QUIZALOFOP-ETHYL","76578-14-8"
"RESMETHRIN","10453-86-8"
"S,S,S-TRIBUTYLTRITHIOPHOSPHATE","78-48-8"
"SACCHARIN","81-07-2"
"SAFROLE","94-59-7"
"SEC-BUTYL ALCOHOL","78-92-2"
"SELENIUM","7782-49-2"
"SELENIUM COMPOUNDS","SBP500"
"SETHOXYDIM","74051-80-2"
"SILVER","7440-22-4"
"SILVER COMPOUNDS","SDO000"
"SIMAZINE","122-34-9"
"SODIUM AZIDE","26628-22-8"
"SODIUM DICAMBA","1982-69-0"
"SODIUM DIMETHYLDITHIOCARBAMATE","128-04-1"
"SODIUM NITRITE","7632-00-0"
"SODIUM PENTACHLOROPHENATE","131-52-2"
"STRYCHNINE","57-24-9"
"STYRENE","100-42-5"
"STYRENE OXIDE","96-09-3"
"SULFURIC ACID","7664-93-9"
"SULFURYL FLUORIDE","2699-79-8"
"SULPROFOS","35400-43-2"
"TEBUTHIURON","34014-18-1"
"TEMEPHOS","3383-96-8"
"TERBACIL","5902-51-2"
"TERT-BUTYL ALCOHOL","75-65-0"
"2,2',6,6'-TETRABROMO-4,4'-ISOPROPYLIDENEDIPHENOL","79-94-7"
"1,1,2,2-TETRACHLORO-1-FLUOROETHANE","354-14-3"
"1,1,1,2-TETRACHLORO-2-FLUOROETHANE (HCFC-121A)","354-11-0"
"2,3,7,8-TETRACHLORODIBENZO-P-DIOXIN (TCDD)","1746-01-6"
"2,3,7,8-TETRACHLORODIBENZOFURAN","51207-31-9"
"1,1,1,2-TETRACHLOROETHANE","630-20-6"
"1,1,2,2-TETRACHLOROETHANE","79-34-5"
"TETRACHLOROETHYLENE","127-18-4"
"TETRACHLORVINPHOS","961-11-5"
"TETRACYCLINE HYDROCHLORIDE","64-75-5"
"TETRAMETHRIN","7696-12-0"
"THALLIUM","7440-28-0"
"THALLIUM COMPOUNDS","TEJ500"
"THIABENDAZOLE","148-79-8"
"THIOACETAMIDE","62-55-5"
"THIOBENCARB","28249-77-6"
"THIODICARB","59669-26-0"
"THIOPHANATE ETHYL","23564-06-9"
"THIOPHANATE-METHYL","23564-05-8"
"THIOSEMICARBAZIDE","79-19-6"
"THIOUREA","62-56-6"
"THIRAM","137-26-8"
"THORIUM DIOXIDE","1314-20-1"
"TITANIUM TETRACHLORIDE","7550-45-0"
"TOLUENE","108-88-3"
"TOLUENE DIISOCYANATE (MIXED ISOMERS)","26471-62-5"
"TOLUENE-2,4-DIISOCYANATE","584-84-9"
"TOLUENE-2,6-DIISOCYANATE","91-08-7"
"TRANS-1,3-DICHLOROPROPENE","10061-02-6"
"TRANS-1,4-DICHLORO-2-BUTENE","110-57-6"
"TRIADIMEFON","43121-43-3"
"TRIALLATE","2303-17-5"
"TRIAZIQUONE","68-76-8"
"TRIBENURON METHYL","101200-48-0"
"TRIBROMOMETHANE","75-25-2"
"TRIBUTYLTIN FLUORIDE","1983-10-4"
"TRIBUTYLTIN METHACRYLATE","2155-70-6"
"TRICHLORFON","52-68-6"
"TRICHLOROACETYL CHLORIDE","76-02-8"
"1,2,4-TRICHLOROBENZENE","120-82-1"
"1,1,2-TRICHLOROETHANE","79-00-5"
"1,1,1-TRICHLOROETHANE","71-55-6"
"TRICHLOROETHYLENE","79-01-6"
"TRICHLOROFLUOROMETHANE","75-69-4"
"2,4,6-TRICHLOROPHENOL","88-06-2"
"2,4,5-TRICHLOROPHENOL","95-95-4"
"1,2,3-TRICHLOROPROPANE","96-18-4"
"TRICLOPYR TRIETHYLAMMONIUM SALT","57213-69-1"
"TRIETHYLAMINE","121-44-8"
"1,1,1-TRIFLUORO-2,2-DICHLOROETHANE","306-83-2"
"TRIFLURALIN","1582-09-8"
"TRIFORINE","26644-46-2"
"1,2,4-TRIMETHYLBENZENE","95-63-6"
"2,4,4-TRIMETHYLHEXAMETHYLENE DIISOCYANATE","15646-96-5"
"2,2,4-TRIMETHYLHEXAMETHYLENE DIISOCYANATE","16938-22-0"
"2,3,5-TRIMETHYLPHENYL METHYLCARBAMATE","2655-15-4"
"2,4,6-TRINITROPHENOL","88-89-1"
"TRIPHENYLTIN CHLORIDE","639-58-7"
"TRIPHENYLTIN HYDROXIDE","76-87-9"
"TRIS(2,3-DIBROMOPROPYL) PHOSPHATE","126-72-7"
"TRYPAN BLUE","72-57-1"
"URETHANE","51-79-6"
"VANADIUM","7440-62-2"
"VANADIUM COMPOUNDS","VCZ000"
"VINCLOZOLIN","50471-44-8"
"VINYL ACETATE","108-05-4"
"VINYL BROMIDE","593-60-2"
"VINYL CHLORIDE","75-01-4"
"WARFARIN AND SALTS","81-81-2"
"XYLENE (MIXED ISOMERS)","1330-20-7"
"2,6-XYLIDINE","87-62-7"
"ZINC","7440-66-6"
"ZINC COMPOUNDS","ZFS000"
"ZINEB","12122-67-7"
